Workbook

Sheet Capa
B2: RELATÓRIO DE ORÇAMENTOS
B3: Clínica Odontológica - Análise de Orçamentos
B5: Data do Relatório: 10/02/2026
B7: MÉTRICAS CHAVE
B9: Total de Orçamentos | D9: Valor Total
B10: 5 | D10: R$ 4,320.00
B11: Orçamentos Aceitos | D11: Em Negociação
B12: 3 | D12: 2
B13: Ticket Médio
B14: R$ 864.00
B16: CONTEÚDO DO RELATÓRIO
B18: Orcamentos | D18: Lista completa de orçamentos com filtros
B19: Dashboard | D19: Gráficos e análises visuais

Sheet Orcamentos
A1: ORÇAMENTOS
A3: ID | B3: Data | C3: Paciente | D3: Telefone | E3: Email | F3: Dentista | G3: CRO | H3: Valor Total | I3: Status | J3: Observações | K3: Criado por
A4: 16 | B4: 10/02/2026 | C4: Ze Antonio | D4: 18 981151515 | E4: tiago_carvalho07@yahoo.com.br | F4: Dr Fernanda | G4: 46546565456 | H4: 1280 | I4: Em Negociação | J4: teste | K4: Administrador
A5: 15 | B5: 10/02/2026 | C5: GYGY | D5: 18981424545 | E5: gygy@gmail.com | F5: Dr Fernanda | G5: 46546565456 | H5: 450 | I5: Em Negociação | J5: teste | K5: Administrador
A6: 13 | B6: 10/02/2026 | C6: TIAGO BOATTO CARVALHO | D6: 18981142927 | E6: tiago_carvalho07@yahoo.com.br | F6: Dr. Alexandre | G6: 123132564 | H6: 850 | I6: Aceito | J6: teste | K6: Administrador
A7: 11 | B7: 10/02/2026 | C7: GYGY | D7: 18981424545 | E7: gygy@gmail.com | F7: Dr. Alexandre | G7: 123132564 | H7: 1240 | I7: Aceito | J7: exodontia + cirurgia | K7: Administrador
A8: 8 | B8: 09/02/2026 | C8: Gy Andrade | D8: 17981622621 | E8: andradegy22@gmail.com | F8: Dr. Alexandre | G8: 123132564 | H8: 500 | I8: Aceito | J8: Teste | K8: Administrador
A10: TOTAIS | G10: Total: | H10: =SUM(H4:H8) -> 4320 | I10: Média: | J10: =AVERAGE(H4:H8) -> 864

Sheet Dashboard
A1: DASHBOARD DE ORÇAMENTOS
A3: ANÁLISE POR STATUS
A4: Status | B4: Quantidade | C4: Valor Total | D4: % do Total
A5: Aceito | B5: =COUNTIF(Orcamentos!I4:I8,"Aceito") -> 3 | C5: =SUMIF(Orcamentos!I4:I8,"Aceito",Orcamentos!H4:H8) -> 2590 | D5: =C5/SUM(C5:C6) -> 0.59953704
A6: Em Negociação | B6: =COUNTIF(Orcamentos!I4:I8,"Em Negociação") -> 2 | C6: =SUMIF(Orcamentos!I4:I8,"Em Negociação",Orcamentos!H4:H8) -> 1730 | D6: =C6/SUM(C5:C6) -> 0.40046296
A7: TOTAL | B7: =SUM(B5:B6) -> 5 | C7: =SUM(C5:C6) -> 4320 | D7: =SUM(D5:D6) -> 1
A10: ANÁLISE POR DENTISTA
A11: Dentista | B11: Quantidade | C11: Valor Total | D11: Ticket Médio
A12: Dr Fernanda | B12: =COUNTIF(Orcamentos!F4:F8,"Dr Fernanda") -> 2 | C12: =SUMIF(Orcamentos!F4:F8,"Dr Fernanda",Orcamentos!H4:H8) -> 1730 | D12: =C12/B12 -> 865
A13: Dr. Alexandre | B13: =COUNTIF(Orcamentos!F4:F8,"Dr. Alexandre") -> 3 | C13: =SUMIF(Orcamentos!F4:F8,"Dr. Alexandre",Orcamentos!H4:H8) -> 2590 | D13: =C13/B13 -> 863.33333
A16: ANÁLISE POR PACIENTE
A17: Paciente | B17: Orçamentos | C17: Valor Total
A18: Ze Antonio | B18: =COUNTIF(Orcamentos!C4:C8,"Ze Antonio") -> 1 | C18: =SUMIF(Orcamentos!C4:C8,"Ze Antonio",Orcamentos!H4:H8) -> 1280
A19: GYGY | B19: =COUNTIF(Orcamentos!C4:C8,"GYGY") -> 2 | C19: =SUMIF(Orcamentos!C4:C8,"GYGY",Orcamentos!H4:H8) -> 1690
A20: TIAGO BOATTO CARVALHO | B20: =COUNTIF(Orcamentos!C4:C8,"TIAGO BOATTO CARVALHO") -> 1 | C20: =SUMIF(Orcamentos!C4:C8,"TIAGO BOATTO CARVALHO",Orcamentos!H4:H8) -> 850
A21: Gy Andrade | B21: =COUNTIF(Orcamentos!C4:C8,"Gy Andrade") -> 1 | C21: =SUMIF(Orcamentos!C4:C8,"Gy Andrade",Orcamentos!H4:H8) -> 500
